x_mm,z_mm,valid
10.000000000000,0.000000000000,1
9.961946980917,0.871557427477,1
9.848077530122,1.736481776669,1
9.659258262891,2.588190451025,1
9.396926207859,3.420201433257,1
9.063077870366,4.226182617407,1
8.660254037844,5.000000000000,1
8.191520442890,5.735764363510,1
7.660444431190,6.427876096865,1
7.071067811865,7.071067811865,1
6.427876096865,7.660444431190,1
5.735764363510,8.191520442890,1
5.000000000000,8.660254037844,1
4.226182617407,9.063077870366,1
3.420201433257,9.396926207859,1
2.588190451025,9.659258262891,1
1.736481776669,9.848077530122,1
0.871557427477,9.961946980917,1
0.000000000000,10.000000000000,1
-0.871557427477,9.961946980917,1
-1.736481776669,9.848077530122,1
-2.588190451025,9.659258262891,1
-3.420201433257,9.396926207859,1
-4.226182617407,9.063077870367,1
-5.000000000000,8.660254037844,1
-5.735764363510,8.191520442890,1
-6.427876096865,7.660444431190,1
-7.071067811865,7.071067811865,1
-7.660444431190,6.427876096865,1
-8.191520442890,5.735764363510,1
-8.660254037844,5.000000000000,1
-9.063077870366,4.226182617407,1
-9.396926207859,3.420201433257,1
-9.659258262891,2.588190451025,1
-9.848077530122,1.736481776669,1
-9.961946980917,0.871557427477,1
-10.000000000000,0.000000000000,1
-9.961946980917,-0.871557427477,1
-9.848077530122,-1.736481776669,1
-9.659258262891,-2.588190451025,1
-9.396926207859,-3.420201433257,1
-9.063077870367,-4.226182617407,1
-8.660254037844,-5.000000000000,1
-8.191520442890,-5.735764363510,1
-7.660444431190,-6.427876096865,1
-7.071067811865,-7.071067811865,1
-6.427876096865,-7.660444431190,1
-5.735764363510,-8.191520442890,1
-5.000000000000,-8.660254037844,1
-4.226182617407,-9.063077870366,1
-3.420201433257,-9.396926207859,1
-2.588190451025,-9.659258262891,1
-1.736481776669,-9.848077530122,1
-0.871557427477,-9.961946980917,1
-0.000000000000,-10.000000000000,1
0.871557427477,-9.961946980917,1
1.736481776669,-9.848077530122,1
2.588190451025,-9.659258262891,1
3.420201433257,-9.396926207859,1
4.226182617407,-9.063077870367,1
5.000000000000,-8.660254037844,1
5.735764363510,-8.191520442890,1
6.427876096865,-7.660444431190,1
7.071067811865,-7.071067811865,1
7.660444431190,-6.427876096865,1
8.191520442890,-5.735764363510,1
8.660254037844,-5.000000000000,1
9.063077870366,-4.226182617407,1
9.396926207859,-3.420201433257,1
9.659258262891,-2.588190451025,1
9.848077530122,-1.736481776669,1
9.961946980917,-0.871557427477,1
